veeraraghavan,tsung,tsungveeraraghavan@yahoo.com,5353-8713-3485-1913
hyson,phyllis,phyllishyson@hotmail.com,9987-2223-1666-6764
nguyen,anitha,anithanguyen@aol.com,3466-4406-7076-1395
chow,tina,tinachow@freemail.com,7195-1360-3939-7360
clark,joaquin,joaquinclark@aol.com,1611-9064-8785-1176
gates,vivek,vivekgates@hotmail.com,9346-5549-1973-7320
dooling,phuong,phuongdooling@aol.com,9654-2490-1160-8893
dingare,hong,hongdingare@msn.com,7974-1275-9729-1667
markett,angus,angusmarkett@aol.com,4577-1390-7054-7476
tefft,nitya,nityatefft@freemail.com,5774-9555-7927-8755
hu,van,vanhu@hotmail.com,4289-1731-1690-2635
nesbitt,tuyet,tuyetnesbitt@freemail.com,8642-2314-6559-2535
clark,quyen,quyenclark@msn.com,8289-8646-4232-7218
hong,margaret,margarethong@hotmail.com,9159-1680-2853-3479
hu,greg,greghu@yahoo.com,1774-2951-1990-8422
won,phuong,phuongwon@yahoo.com,1990-6221-4775-5602
huang,tsung,tsunghuang@hotmail.com,1147-1791-7570-2490
rao,jay,jayrao@hotmail.com,5949-7293-9043-2291
betrozoff,nitya,nityabetrozoff@freemail.com,1464-1011-7601-8695
shur,bassam,bassamshur@msn.com,1425-6785-6236-6451
vu,bassam,bassamvu@msn.com,9063-1019-3834-7400
trang,john,johntrang@yahoo.com,8652-5037-6758-2957
lu,ping,pinglu@msn.com,5559-7798-2384-5041
aligireddy,thuy,thuyaligireddy@msn.com,1920-8093-1786-6837
lum,cheng,chenglum@freemail.com,8488-8601-7003-8703
chow,shreemathi,shreemathichow@aol.com,1702-7193-4455-4442
dooling,darrell,darrelldooling@yahoo.com,1791-1017-6326-5410
nguyen,phu,phunguyen@yahoo.com,8339-2253-8369-7267
thai,nitya,nityathai@yahoo.com,1272-2927-8436-6161
shur,kevin,kevinshur@yahoo.com,2536-2472-2467-1553
hyson,jay,jayhyson@aol.com,5269-6056-8389-4171
lincoln,david,davidlincoln@msn.com,8411-1007-4192-7185
kim,jerry,jerrykim@msn.com,1236-1977-4488-7869
reynoso,sam,samreynoso@hotmail.com,1318-1446-5107-5952
lam,craig,craiglam@yahoo.com,2619-3668-8974-2164
veeraraghavan,jeffrey,jeffreyveeraraghavan@hotmail.com,1723-7292-5655-9212
bobbett,mark,markbobbett@hotmail.com,6672-3466-1080-3161
nesbitt,mark,marknesbitt@hotmail.com,1342-1472-5865-7228
jayakumar,dennis,dennisjayakumar@yahoo.com,4768-6726-9526-3806
atreya,dawn,dawnatreya@aol.com,2540-8061-9575-2566
larab,phuong,phuonglarab@freemail.com,1102-3254-7690-7698
bleick,angus,angusbleick@yahoo.com,4842-2120-7529-9363
smith,tuyet,tuyetsmith@hotmail.com,8890-7908-6303-8422
nguyen,peng,pengnguyen@hotmail.com,2392-4971-1778-6553
popa,anhtuan,anhtuanpopa@msn.com,4783-5549-1840-6741
clark,marie,marieclark@hotmail.com,9756-2867-3469-6304
virkar,nandella,nandellavirkar@msn.com,2038-4173-3329-7782
kamasetty,james,jameskamasetty@freemail.com,1406-9832-9263-9751
lincoln,vibha,vibhalincoln@msn.com,3433-6547-8050-2904
shur,trang,trangshur@hotmail.com,6690-9351-3015-7621
pham,john,johnpham@msn.com,2342-5596-2169-2673
nguyen,hong,hongnguyen@hotmail.com,1533-3741-5832-8655
menchaca,larry,larrymenchaca@msn.com,9855-9847-3848-5931
clark,thuytran,thuytranclark@hotmail.com,6343-1303-2804-8935
lincoln,tsung,tsunglincoln@yahoo.com,1395-8687-9190-4843
weidner,jayasree,jayasreeweidner@msn.com,2376-7193-7030-6356
trang,long,longtrang@yahoo.com,3596-8891-1431-1948
quader,edward,edwardquader@aol.com,2358-1130-3070-1392
ryan,stephen,stephenryan@hotmail.com,7289-6433-3396-1515
duc,hy,hyduc@aol.com,1290-3876-6384-9964
pham,timotius,timotiuspham@freemail.com,2316-1280-5876-4869
lam,peng,penglam@yahoo.com,4470-9450-2432-2898
lum,anitha,anithalum@hotmail.com,1743-1062-2692-1706
tseng,bassam,bassamtseng@aol.com,8733-1219-7578-1914
gates,winston,winstongates@yahoo.com,2805-1163-5403-1282
riu,rita,ritariu@freemail.com,8146-9678-1153-1863
farley,claude,claudefarley@hotmail.com,2567-9813-1737-1108
menchaca,rebecca,rebeccamenchaca@freemail.com,9849-1022-1911-9889
riu,jerry,jerryriu@hotmail.com,7310-6628-9313-5778
atreya,jennifer,jenniferatreya@hotmail.com,2448-8297-6665-2319
shamina,sabrina,sabrinashamina@yahoo.com,1437-9121-9814-1855
liu,nitya,nityaliu@msn.com,8255-8208-6738-3293
gogineni,purnima,purnimagogineni@yahoo.com,8984-6503-7608-5907
kong,marie,mariekong@aol.com,1515-5745-5772-1340
shamina,jyoti,jyotishamina@freemail.com,1096-1176-7536-2914
smith,winston,winstonsmith@aol.com,8450-8054-5828-9894
tefft,anjini,anjinitefft@yahoo.com,2048-8051-4628-6034
lew,tsung,tsunglew@hotmail.com,1571-9157-2105-6277
pham,jennifer,jenniferpham@yahoo.com,1270-9494-8373-8038
armstrong,gary,garyarmstrong@msn.com,1279-2869-9142-2276
won,nicholas,nicholaswon@freemail.com,4200-4440-5093-1188
nguyen,minh,minhnguyen@msn.com,2315-3776-4965-4381
davis,bassam,bassamdavis@aol.com,1427-4736-1654-1109
cunningham,thuy,thuycunningham@aol.com,2970-6818-6208-8797
chow,lihong,lihongchow@msn.com,1372-6124-4402-4880
quader,rebecca,rebeccaquader@hotmail.com,9988-7150-1547-1192
daver,dawn,dawndaver@aol.com,1451-7329-2112-8792
yang,anitha,anithayang@freemail.com,8101-6437-9998-8087
szeatkate,ban,banszeatkate@yahoo.com,4159-8497-6405-4372
chou,larry,larrychou@aol.com,7568-2571-1902-3815
somani,mark,marksomani@freemail.com,2181-1881-7862-1518
shamina,stephen,stephenshamina@aol.com,8046-5409-3453-9146
rao,hung,hungrao@aol.com,1064-1940-1125-1370
somani,ted,tedsomani@aol.com,3400-1718-5393-7066
leon,claude,claudeleon@hotmail.com,5633-1177-4183-3587
davis,tsung,tsungdavis@msn.com,1931-4749-3120-1478
wright,raymond,raymondwright@hotmail.com,2070-7422-3579-8137
popa,tsung,tsungpopa@aol.com,3117-1025-6471-2382
won,david,davidwon@aol.com,9700-5472-3510-1905
jayakumar,vivek,vivekjayakumar@freemail.com,4089-6419-9898-2394
nguyen,tsung,tsungnguyen@aol.com,1692-9482-6100-7047
nesbitt,tsung,tsungnesbitt@hotmail.com,1511-2217-3844-5386
rao,anitha,anitharao@aol.com,7233-3216-1123-3232
lemere,lay,laylemere@aol.com,9930-7408-2576-1983
hyson,hong,honghyson@aol.com,1880-9305-6882-1998
jayakumar,chau,chaujayakumar@hotmail.com,7139-4743-8761-1947
steik,ted,tedsteik@freemail.com,2315-4744-2478-9187
davis,jayashre,jayashredavis@hotmail.com,8984-4101-8448-7923
nguyen,seema,seemanguyen@hotmail.com,1170-6618-6615-9397
nguyen,hung,hungnguyen@msn.com,5895-9478-3186-7473
bleick,sylvester,sylvesterbleick@yahoo.com,6649-1866-1068-1071
riu,greg,gregriu@hotmail.com,2821-1819-9521-3038
won,vao,vaowon@yahoo.com,6460-8230-7762-7265
thai,radhika,radhikathai@msn.com,2368-6519-1014-6017
dingare,john,johndingare@freemail.com,2862-1569-1126-5060
oxford,calvin,calvinoxford@freemail.com,2823-2486-8680-7501
wright,cheng,chengwright@yahoo.com,1052-1738-1407-5550
leon,chau,chauleon@aol.com,1367-1737-8400-1114
day,phuong,phuongday@yahoo.com,1403-2354-4289-2037
wong,tuyet,tuyetwong@aol.com,1974-2151-6981-7510
duc,phuong,phuongduc@msn.com,1135-3812-1791-6733
perez,jyoti,jyotiperez@msn.com,9419-1062-3121-9921
clark,purnima,purnimaclark@msn.com,1154-4698-4354-2490
nguyen,genway,genwaynguyen@msn.com,7192-1142-9826-1414
hong,thuytran,thuytranhong@hotmail.com,5342-1713-6564-8319
kamasetty,jyoti,jyotikamasetty@freemail.com,4251-7158-6649-1654
shur,phuong,phuongshur@yahoo.com,8839-8058-2466-7496
manh,tom,tommanh@freemail.com,1666-7106-3784-1550
johnson,gary,garyjohnson@freemail.com,7824-7127-4258-7296
su,kevin,kevinsu@msn.com,8212-4199-2861-6519
rasmussen,dawn,dawnrasmussen@freemail.com,6377-9840-7056-8990
aligireddy,heidi,heidialigireddy@hotmail.com,3639-7091-1606-6652
nguyen,brenda,brendanguyen@aol.com,8441-1334-2647-1556
nguyen,peng,pengnguyen@yahoo.com,8012-1503-1390-7957
trang,lihong,lihongtrang@aol.com,4853-5501-2411-2501
shamina,tom,tomshamina@msn.com,8820-1932-4769-7769
bobbett,michael,michaelbobbett@msn.com,3592-6274-1709-7735
nesbitt,anitha,anithanesbitt@msn.com,4544-3122-1820-6799
somani,brian,briansomani@yahoo.com,1604-2161-6149-9535
chen,phyllis,phyllischen@aol.com,6221-1611-1399-8472
yang,giao,giaoyang@msn.com,5317-8399-3779-3844
gates,mark,markgates@msn.com,2977-2214-3969-2699
chow,patrick,patrickchow@yahoo.com,2020-1652-1217-4362
hong,david,davidhong@yahoo.com,5687-2752-8457-1751
trang,heidi,heiditrang@msn.com,5701-4352-7474-6155
reynoso,thuytran,thuytranreynoso@aol.com,1185-6606-3726-1101
betrozoff,john,johnbetrozoff@hotmail.com,2758-1034-1353-1799
kim,jerry,jerrykim@msn.com,4777-1488-2824-3999
su,winston,winstonsu@msn.com,1562-5180-2279-1271
lew,hong,honglew@freemail.com,7978-5222-8698-1371
rasmussen,markus,markusrasmussen@hotmail.com,1966-5345-4952-9784
nguyen,tuyet,tuyetnguyen@hotmail.com,9855-8551-4364-6186
weidner,shreemathi,shreemathiweidner@msn.com,3952-3213-7029-2115
popa,radhika,radhikapopa@aol.com,3795-9532-2429-3502
foster,tuyen,tuyenfoster@hotmail.com,1178-8099-2738-6719
lu,quyen,quyenlu@aol.com,5681-4558-1236-1293
parmar,quynh,quynhparmar@hotmail.com,6893-9467-9314-5398
lew,minh,minhlew@freemail.com,5504-8511-5415-7452
riu,gary,garyriu@aol.com,5606-1005-3230-9946
hu,phyllis,phyllishu@msn.com,9586-1461-7178-8345
riu,minh,minhriu@yahoo.com,2932-4091-1572-9480
wang,purnima,purnimawang@aol.com,5353-1391-1197-1633
szeatkate,joseph,josephszeatkate@yahoo.com,2002-4825-6379-6475
menchaca,claude,claudemenchaca@freemail.com,2219-1922-7731-9521
szeatkate,anit,anitszeatkate@hotmail.com,5040-7089-1580-2145
parmar,tai,taiparmar@aol.com,8160-5969-1666-7526
betrozoff,timotius,timotiusbetrozoff@msn.com,2114-1566-7632-1286
chen,michaeo,michaeochen@aol.com,5398-9168-6724-1873
shur,craig,craigshur@msn.com,8629-6782-1090-1604
nguyen,rebecca,rebeccanguyen@aol.com,1894-9047-6712-5403
wang,joaquin,joaquinwang@hotmail.com,2299-5229-7722-8241
shamina,genway,genwayshamina@msn.com,6301-3363-3468-3535
liu,stephen,stephenliu@yahoo.com,1434-2295-7377-2952
tran,mark,marktran@hotmail.com,8157-2918-7313-3499
smith,james,jamessmith@yahoo.com,2344-8311-8393-2684
mattingly,hung,hungmattingly@hotmail.com,8521-2400-8647-4674
shamina,quynh,quynhshamina@yahoo.com,3250-6772-1765-1830
jones,markus,markusjones@aol.com,1127-1073-7655-7776
borghi,sangeeta,sangeetaborghi@freemail.com,7501-1090-6032-7044
heron,david,davidheron@aol.com,1896-6077-7546-5540
shamina,sam,samshamina@msn.com,9653-2233-1399-5164
lam,hong,honglam@aol.com,6422-4307-3834-2591
wang,iosif,iosifwang@yahoo.com,1514-1439-1099-1076
weidner,sam,samweidner@yahoo.com,9598-7745-1487-8991
chow,hung,hungchow@freemail.com,9423-1524-4996-4780
kim,sam,samkim@msn.com,4829-5927-5201-1006
pham,chaichang,chaichangpham@hotmail.com,5496-2473-1497-3940
gogineni,edward,edwardgogineni@hotmail.com,7758-2188-9979-9009
won,ed,edwon@hotmail.com,4630-4447-4000-6540
davis,vao,vaodavis@msn.com,4133-2289-2652-6756
chow,ban,banchow@freemail.com,8072-9721-5475-1283
bleick,bassam,bassambleick@msn.com,7018-4335-5547-1394
hamilton,sylvester,sylvesterhamilton@hotmail.com,5498-1348-9686-5595
mattingly,satinder,satindermattingly@msn.com,5798-6172-8710-1201
kong,lay,laykong@freemail.com,1943-1669-1640-1458
menchaca,peng,pengmenchaca@aol.com,6376-8985-1540-4784
rao,dawn,dawnrao@hotmail.com,5054-1718-5348-9907
popa,diana,dianapopa@freemail.com,7257-8744-7092-1403
veeraraghavan,tina,tinaveeraraghavan@yahoo.com,4721-9952-6830-8270
liu,va,valiu@aol.com,9350-1404-1942-6510
leon,ted,tedleon@freemail.com,2883-3878-1691-7187
gogineni,michael,michaelgogineni@aol.com,1066-1386-1654-5613
wang,hy,hywang@hotmail.com,9241-4000-3302-6034
rewati,michael,michaelrewati@msn.com,2657-8100-2151-2029
virkar,sabrina,sabrinavirkar@hotmail.com,8545-1117-1174-8551
quader,beilei,beileiquader@hotmail.com,2416-3829-1596-1150
yang,jay,jayyang@hotmail.com,1394-4256-1257-6411
cunningham,seema,seemacunningham@msn.com,1870-7072-7428-1836
pham,giao,giaopham@hotmail.com,1219-7589-9289-1127
day,anitha,anithaday@yahoo.com,7580-8341-3801-1398
betrozoff,marie,mariebetrozoff@aol.com,1442-9950-4558-2734
riu,tai,tairiu@yahoo.com,7756-1696-4468-2443
jayakumar,jayashre,jayashrejayakumar@aol.com,8392-4277-3424-1837
nguyen,zoya,zoyanguyen@freemail.com,1705-1547-1800-1141
kamasetty,lihong,lihongkamasetty@msn.com,1086-1496-1271-1010
quader,phu,phuquader@aol.com,2729-8647-2326-3028
chow,thuytran,thuytranchow@msn.com,7290-7245-1918-9172
pham,michael,michaelpham@yahoo.com,4911-1033-4259-7234
larab,tuyet,tuyetlarab@hotmail.com,9776-4768-7124-8645
heron,jyoti,jyotiheron@yahoo.com,6043-2527-9379-2176
trang,jyoti,jyotitrang@yahoo.com,6920-5723-7751-1474
muehler,tuyet,tuyetmuehler@hotmail.com,3438-9312-3237-1598
leonardi,vao,vaoleonardi@msn.com,1725-1011-8748-1907
dutta,iosif,iosifdutta@hotmail.com,8274-4597-1318-7995
reynoso,phuong,phuongreynoso@aol.com,3329-5603-7748-1185
hyson,jayashre,jayashrehyson@msn.com,9061-1813-7397-9363
won,edward,edwardwon@msn.com,7532-7098-5924-1940
nguyen,jeffrey,jeffreynguyen@yahoo.com,1034-6637-6092-3151
zoller,tina,tinazoller@msn.com,7047-1245-4047-2503
hong,nitya,nityahong@freemail.com,5243-3499-2925-1778
huang,anit,anithuang@msn.com,7962-5524-1587-6513
jadhav,stephen,stephenjadhav@msn.com,6814-9724-1105-3757
menchacia,timotius,timotiusmenchacia@msn.com,4714-7052-7296-8707
popa,yoga,yogapopa@aol.com,1502-1928-2387-4175
muehler,larry,larrymuehler@yahoo.com,8779-2325-5917-1086
day,john,johnday@msn.com,8780-8840-5825-2573
liu,hong,hongliu@freemail.com,7218-2199-1894-3499
betrozoff,calvin,calvinbetrozoff@freemail.com,9684-1586-5109-9977
pham,joanne,joannepham@aol.com,9600-3763-2008-7061
nguyen,rita,ritanguyen@freemail.com,1041-1971-6774-2579
leonardi,sarveta,sarvetaleonardi@yahoo.com,7563-3661-2596-1067
chow,jayasree,jayasreechow@yahoo.com,1642-6531-2379-4581
manh,thuy,thuymanh@yahoo.com,6437-6626-8710-3247
smith,brenda,brendasmith@yahoo.com,1311-8065-9005-5810
armstrong,joanne,joannearmstrong@yahoo.com,8386-8299-7746-2918
markett,cheng,chengmarkett@msn.com,9472-1497-5109-3663
rao,tom,tomrao@yahoo.com,7758-5472-1634-1832
steik,craig,craigsteik@aol.com,7218-1838-5498-2572
zoller,lay,layzoller@aol.com,1765-6406-2369-8832
davis,peng,pengdavis@freemail.com,5767-7875-4413-2567
lifton,chau,chaulifton@yahoo.com,3733-5732-4729-3461
saini,gary,garysaini@hotmail.com,5983-6576-8240-6874
smith,pratimar,pratimarsmith@aol.com,6531-6199-3662-9723
nguyen,mark,marknguyen@freemail.com,9669-1952-6565-8741
chow,lay,laychow@hotmail.com,5944-9398-1362-3369
lemere,anhtuan,anhtuanlemere@aol.com,9653-6238-4326-1534
oxford,yoga,yogaoxford@msn.com,2842-3866-2166-1974
zoller,pat,patzoller@freemail.com,2906-1285-8466-7071
steik,phuong,phuongsteik@freemail.com,1608-1634-5249-3454
smith,stephen,stephensmith@freemail.com,1173-7965-8158-7804
halterhoff,felicia,feliciahalterhoff@msn.com,2898-6072-4824-1302
nguyen,bassam,bassamnguyen@msn.com,5011-9988-5560-6204
lam,timotius,timotiuslam@yahoo.com,2242-8872-1028-5132
wright,dawn,dawnwright@aol.com,3139-8427-8762-8999
cunningham,timmothy,timmothycunningham@yahoo.com,9413-7787-1044-3794
quader,david,davidquader@hotmail.com,1355-8165-1015-7414
wang,sam,samwang@hotmail.com,7681-2306-1069-9559
bobbett,darrell,darrellbobbett@yahoo.com,9306-4566-1035-7940
heron,calvin,calvinheron@hotmail.com,5793-8474-7001-4444
yang,joanne,joanneyang@hotmail.com,5765-1595-2208-7961
yang,rita,ritayang@yahoo.com,8519-8520-7617-1673
farley,kevin,kevinfarley@yahoo.com,7785-7873-6068-6100
tefft,va,vatefft@yahoo.com,2708-8291-4269-7764
bobbett,jayasree,jayasreebobbett@yahoo.com,2286-1694-2823-9377
rao,darrell,darrellrao@msn.com,9077-2150-2741-8726
pham,bob,bobpham@yahoo.com,1887-6413-1370-5360
kong,smita,smitakong@msn.com,4555-4118-8494-7602
gates,khanh,khanhgates@freemail.com,4323-6340-1192-6535
leonardi,chaichang,chaichangleonardi@msn.com,6268-6275-1045-6304
tran,edward,edwardtran@hotmail.com,8569-6241-4257-1351
smith,phuong,phuongsmith@aol.com,7213-5939-2045-1254
pham,david,davidpham@aol.com,1833-6869-6916-6816
manh,smita,smitamanh@hotmail.com,4046-4366-1890-8542
su,quynh,quynhsu@msn.com,1319-4071-1933-9884
nguyen,phuong,phuongnguyen@freemail.com,5688-8841-6333-9524
virkar,jay,jayvirkar@yahoo.com,1948-4654-3178-8004
veeraraghavan,van,vanveeraraghavan@hotmail.com,2915-2735-2030-4508
borghi,phuong,phuongborghi@msn.com,8361-1141-1732-1479
nguyen,vao,vaonguyen@hotmail.com,2926-8505-6553-1011
huang,zoya,zoyahuang@hotmail.com,4434-4485-9573-3162
trang,john,johntrang@msn.com,4057-6821-8556-5207
shamina,michael,michaelshamina@aol.com,1152-5793-1077-1538
hamilton,khanh,khanhhamilton@aol.com,1570-8205-3558-3011
lozito,rebecca,rebeccalozito@hotmail.com,5780-8509-5916-2656
wright,joanne,joannewright@msn.com,5858-2452-7903-2620
perez,chaichang,chaichangperez@msn.com,5666-1842-1645-2625
lincoln,brian,brianlincoln@hotmail.com,6426-4011-9957-4031
jadhav,rebecca,rebeccajadhav@yahoo.com,9660-2205-5945-2320
oxford,claude,claudeoxford@yahoo.com,5306-9839-5642-1062
chou,phyllis,phyllischou@hotmail.com,8933-2997-3663-7833
clark,david,davidclark@yahoo.com,4236-1251-1234-6291
tseng,ed,edtseng@msn.com,1094-3037-1532-8895
tseng,james,jamestseng@aol.com,8053-7627-9912-6111
wong,patrick,patrickwong@aol.com,1303-4995-2105-3826
le,tuyet,tuyetle@yahoo.com,1234-6770-6867-7517
kong,charles,charleskong@aol.com,8199-1031-3781-6187
mattingly,anit,anitmattingly@hotmail.com,1690-5806-5055-1216
pham,phuong,phuongpham@hotmail.com,4785-1159-3252-1508
steik,tan,tansteik@hotmail.com,5132-1608-2302-1569
weidner,yoga,yogaweidner@yahoo.com,3180-3717-6306-2099
thai,quyen,quyenthai@freemail.com,7472-8681-1524-2106
chou,william,williamchou@msn.com,3188-1907-9267-9181
johnson,pratimar,pratimarjohnson@yahoo.com,1932-4765-4990-6253
nguyen,joanne,joannenguyen@aol.com,1340-6895-5013-1373
chow,hong,hongchow@hotmail.com,8898-1694-7571-7720
halterhoff,hung,hunghalterhoff@msn.com,5703-6255-6850-3830
lam,david,davidlam@hotmail.com,1013-7758-6330-1677
halterhoff,anit,anithalterhoff@msn.com,1030-5643-3673-2849
yang,anhtuan,anhtuanyang@freemail.com,1488-7823-2151-9762
popa,radhika,radhikapopa@hotmail.com,3588-3535-2419-5069
nguyen,larry,larrynguyen@hotmail.com,2169-9421-8559-3069
shamina,anit,anitshamina@hotmail.com,1689-2698-4819-4368
huang,heidi,heidihuang@msn.com,5188-2459-8259-5623
pham,raymond,raymondpham@hotmail.com,8614-4450-1979-5619
nguyen,nicholas,nicholasnguyen@freemail.com,5795-1164-7636-8592
lozito,calvin,calvinlozito@hotmail.com,2492-7129-1511-7840
markett,hy,hymarkett@hotmail.com,2229-1586-6425-7526
rao,joseph,josephrao@msn.com,2637-8734-5350-3876
wright,mark,markwright@aol.com,4897-5636-8872-4555
tjahjadi,margaret,margarettjahjadi@msn.com,8618-2391-9715-2684
rao,quynh,quynhrao@msn.com,8664-9077-6223-6418
dooling,jerry,jerrydooling@yahoo.com,2417-6126-1616-4424
riu,joseph,josephriu@hotmail.com,1282-9126-5523-2196
perez,lihong,lihongperez@yahoo.com,6289-9947-2640-3542
shamina,michael,michaelshamina@msn.com,4225-2049-9492-6163
lincoln,sabrina,sabrinalincoln@aol.com,8776-9127-6315-8809
jones,cheng,chengjones@msn.com,1194-8065-9758-1261
menchaca,phuong,phuongmenchaca@aol.com,2324-8990-7578-1530
chow,david,davidchow@msn.com,1649-1678-1988-3517
jones,calvin,calvinjones@msn.com,1766-3770-8912-1368
gates,bob,bobgates@freemail.com,8894-9021-1766-1289
halterhoff,shreemathi,shreemathihalterhoff@msn.com,4147-6666-7229-4200
lincoln,sudha,sudhalincoln@msn.com,1808-2104-1096-1434
yang,claude,claudeyang@freemail.com,6696-2774-5831-1963
armstrong,edward,edwardarmstrong@freemail.com,5914-1022-9682-5371
gates,kevin,kevingates@freemail.com,3546-1996-2851-5978
lu,long,longlu@msn.com,5211-5762-3207-4042
lam,vao,vaolam@freemail.com,1537-7561-2098-2119
nguyen,ted,tednguyen@freemail.com,4127-1577-1263-9005
muehler,greg,gregmuehler@msn.com,2624-5224-1483-7560
davis,ed,eddavis@freemail.com,9401-7104-6293-6406
riu,edward,edwardriu@yahoo.com,6515-5546-5911-7315
cunningham,anitha,anithacunningham@hotmail.com,7773-7417-2042-8017
nguyen,pratimar,pratimarnguyen@hotmail.com,1821-2447-1295-6999
gates,winston,winstongates@freemail.com,6815-2139-2614-2343
davis,joseph,josephdavis@freemail.com,2809-4228-1709-1468
liu,felicia,felicialiu@hotmail.com,1393-2158-7637-3260
parmar,zoya,zoyaparmar@hotmail.com,6411-1001-1464-2745
zoller,tan,tanzoller@freemail.com,1581-7779-6658-8464
larab,phyllis,phyllislarab@yahoo.com,9826-7446-3885-9767
betrozoff,joanne,joannebetrozoff@yahoo.com,1900-6254-8827-6225
rao,satinder,satinderrao@yahoo.com,1768-4001-8394-8506
rewati,tuyet,tuyetrewati@freemail.com,1815-7965-3553-9898
aligireddy,hung,hungaligireddy@aol.com,1116-1914-1511-4042
huang,joanne,joannehuang@msn.com,6668-9071-4850-4653
oxford,michaeo,michaeooxford@msn.com,1068-2902-8380-8622
wong,linda,lindawong@hotmail.com,1952-2930-3039-2586
huang,joseph,josephhuang@hotmail.com,9839-9411-4771-9104
gates,seema,seemagates@hotmail.com,1795-1358-1887-1110
nguyen,tuyet,tuyetnguyen@yahoo.com,7934-7861-1300-4276
lincoln,peng,penglincoln@msn.com,3208-1869-8344-5339
yu,tuyen,tuyenyu@yahoo.com,8877-1678-4091-5441
lew,joanne,joannelew@msn.com,5159-4669-3760-6260
farley,jeffrey,jeffreyfarley@hotmail.com,5508-1455-7885-8194
oxford,bassam,bassamoxford@hotmail.com,7602-3367-8324-4856
duc,phu,phuduc@aol.com,6705-1589-9433-3365
pham,tuyen,tuyenpham@freemail.com,7541-6521-1409-8016
tseng,thuytran,thuytrantseng@aol.com,1500-3135-2105-7034
pham,tsung,tsungpham@msn.com,8638-8873-4388-2544
rewati,michaeo,michaeorewati@msn.com,9909-9473-8890-9542
bobbett,sangeeta,sangeetabobbett@yahoo.com,7195-1068-4710-5361
le,iosif,iosifle@msn.com,1766-5245-1100-2387
menchacia,seema,seemamenchacia@yahoo.com,1205-4887-9483-4540
perez,stephen,stephenperez@yahoo.com,9225-6102-6827-2084
yang,va,vayang@hotmail.com,2182-1827-2118-4675
gates,angus,angusgates@msn.com,1148-1642-1306-2485
chou,anjini,anjinichou@freemail.com,5030-7707-1661-9453
day,raymond,raymondday@msn.com,1814-9699-1905-8977
day,anhtuan,anhtuanday@msn.com,3952-3371-1191-7021
rao,claude,clauderao@freemail.com,4529-7361-3730-7091
johnson,smita,smitajohnson@msn.com,3114-8718-2979-5192
larab,tuyet,tuyetlarab@msn.com,1140-8671-1439-3397
cunningham,winston,winstoncunningham@msn.com,7433-1441-4897-1769
betrozoff,genway,genwaybetrozoff@aol.com,4130-3692-2725-1054
rao,bassam,bassamrao@hotmail.com,7550-2701-1841-3761
larab,stephen,stephenlarab@hotmail.com,1762-9824-1845-4400
kong,rich,richkong@aol.com,1530-8116-6158-6095
dutta,anhtuan,anhtuandutta@msn.com,1867-1250-1431-7909
rewati,patrick,patrickrewati@hotmail.com,8953-3285-5005-3828
markett,cheng,chengmarkett@msn.com,9340-2880-1953-6076
borghi,nicholas,nicholasborghi@freemail.com,1173-1049-1176-4277
tjahjadi,ted,tedtjahjadi@aol.com,3790-4945-2930-1188
lincoln,diana,dianalincoln@hotmail.com,1755-8738-3542-9918
wang,rich,richwang@aol.com,5458-8278-2096-5926
farley,joseph,josephfarley@hotmail.com,6557-2463-1125-9003
huang,shreemathi,shreemathihuang@freemail.com,4645-1974-3256-8168
rewati,anitha,anitharewati@aol.com,1075-6703-1631-1234
popa,tuyen,tuyenpopa@aol.com,4500-3303-7422-1373
yang,ranadhi,ranadhiyang@hotmail.com,6433-5064-1575-6463
nesbitt,lihong,lihongnesbitt@freemail.com,1966-8209-5356-9294
cunningham,tan,tancunningham@yahoo.com,6341-5894-9173-1934
chen,lay,laychen@hotmail.com,1656-2210-1153-2279
hong,timotius,timotiushong@yahoo.com,1239-3065-6211-1075
steik,raymond,raymondsteik@yahoo.com,9440-8097-6930-6311
perez,diana,dianaperez@freemail.com,2107-8432-5601-9871
tefft,phuong,phuongtefft@freemail.com,8561-7568-1966-6555
somani,jyoti,jyotisomani@msn.com,4766-8886-1114-9190
le,minh,minhle@msn.com,2869-5121-4062-1149
nesbitt,van,vannesbitt@hotmail.com,9115-7578-1053-1257
daver,phyllis,phyllisdaver@aol.com,1311-4168-2771-1425
won,kevin,kevinwon@hotmail.com,4917-6903-1886-1911
menchaca,tuyet,tuyetmenchaca@msn.com,1160-1677-7863-9333
tseng,rich,richtseng@yahoo.com,4524-4412-7538-1982
wong,debby,debbywong@yahoo.com,1784-3763-8523-8404
le,cheng,chengle@hotmail.com,1655-5992-5589-8552
hyson,beilei,beileihyson@hotmail.com,1522-1596-2667-5022
lincoln,jennifer,jenniferlincoln@freemail.com,4628-1507-5456-7709
pham,tai,taipham@yahoo.com,1379-5287-1284-1226
tseng,calvin,calvintseng@hotmail.com,6772-8894-3354-8294
wang,hy,hywang@freemail.com,4679-3195-4299-1141
riu,david,davidriu@aol.com,9616-9078-5930-5624
foster,sarveta,sarvetafoster@aol.com,9573-1685-5749-7176
lam,peng,penglam@freemail.com,6392-6754-6809-4155
pham,jerry,jerrypham@aol.com,6903-7158-7988-1376
chow,nandella,nandellachow@freemail.com,7782-7668-8243-2396
smith,marie,mariesmith@yahoo.com,7990-4016-4486-4492
betrozoff,tan,tanbetrozoff@aol.com,1806-6378-1974-7293
chow,dawn,dawnchow@aol.com,6347-1348-6697-6946
chou,lihong,lihongchou@hotmail.com,8024-1986-1436-9339
lifton,cheng,chenglifton@aol.com,3355-1132-1789-3282
virkar,felicia,feliciavirkar@freemail.com,1826-2439-5478-8711
dingare,van,vandingare@msn.com,9811-7583-9945-1860
thai,zoya,zoyathai@hotmail.com,6985-8174-4240-1141
somani,hung,hungsomani@freemail.com,5212-1952-9374-1747
shur,anitha,anithashur@aol.com,7818-1460-2354-1815
tran,anitha,anithatran@freemail.com,5503-9483-1128-9822
bobbett,charles,charlesbobbett@yahoo.com,9669-1325-9072-8165
vu,yoga,yogavu@yahoo.com,7811-1887-7079-2908
dutta,smita,smitadutta@freemail.com,6280-2822-9703-3431
bobbett,jay,jaybobbett@msn.com,9895-1191-2304-1660
aligireddy,seema,seemaaligireddy@aol.com,5405-1104-2600-1046
wang,genway,genwaywang@msn.com,8584-6903-1995-7785
reynoso,jennifer,jenniferreynoso@hotmail.com,6732-3143-2050-4213
le,nitya,nityale@msn.com,2340-7037-8936-3891
kim,linda,lindakim@hotmail.com,2483-1595-8570-4255
markett,dawn,dawnmarkett@freemail.com,8326-6426-4148-8973
muehler,bob,bobmuehler@aol.com,3192-5605-6220-4123
wang,trang,trangwang@hotmail.com,8324-1769-4626-1232
lincoln,calvin,calvinlincoln@yahoo.com,8852-2402-1694-7893
clark,margaret,margaretclark@hotmail.com,1590-8007-1831-8857
davis,darrell,darrelldavis@freemail.com,5300-4099-1166-1275
bleick,beilei,beileibleick@aol.com,2763-4710-3871-4015
kamasetty,michael,michaelkamasetty@freemail.com,2218-2602-6893-3769
le,tom,tomle@hotmail.com,2051-1331-1918-1396
popa,bob,bobpopa@hotmail.com,5672-3307-8638-7547
hamilton,tan,tanhamilton@yahoo.com,3623-1115-2894-1843
borghi,john,johnborghi@yahoo.com,1378-7608-2720-2671
dooling,mark,markdooling@freemail.com,6789-5298-1076-2422
bleick,phu,phubleick@hotmail.com,4619-8761-1845-1927
borghi,van,vanborghi@msn.com,5587-9095-6083-8856
muehler,michael,michaelmuehler@yahoo.com,2139-2496-6243-8468
hu,edwin,edwinhu@yahoo.com,2987-6498-7474-2932
lifton,debby,debbylifton@yahoo.com,5422-5338-6766-9084
nguyen,vao,vaonguyen@aol.com,8621-1236-4115-1497
nesbitt,joanne,joannenesbitt@aol.com,2432-1858-1504-4306
tefft,anjini,anjinitefft@freemail.com,7161-3615-9529-6294
duc,zoya,zoyaduc@aol.com,3497-3290-1149-4730
armstrong,stephen,stephenarmstrong@aol.com,8758-8420-2993-9372
trang,craig,craigtrang@msn.com,6571-5645-1403-3561
chow,kevin,kevinchow@yahoo.com,6708-8891-4701-2177
riu,vivek,vivekriu@msn.com,9952-1304-1368-8362
nguyen,shreemathi,shreemathinguyen@aol.com,9929-8316-6218-6582
aligireddy,winston,winstonaligireddy@freemail.com,3424-8514-1898-7784
chen,cheng,chengchen@msn.com,1435-8680-5286-9964
leon,ted,tedleon@msn.com,8927-1855-5515-1010
somani,phyllis,phyllissomani@freemail.com,9203-5308-8709-5005
leon,bassam,bassamleon@freemail.com,7697-3324-4849-1261
leon,debby,debbyleon@freemail.com,3637-2714-1874-2599
day,vivek,vivekday@hotmail.com,5827-3508-2769-1665
zoller,sabrina,sabrinazoller@yahoo.com,3089-7197-6996-6079
aligireddy,jayashre,jayashrealigireddy@aol.com,3680-1429-1778-2451
parmar,bassam,bassamparmar@yahoo.com,5850-6425-8969-4108
tjahjadi,tina,tinatjahjadi@yahoo.com,7645-4797-7971-8854
lemere,tai,tailemere@yahoo.com,3386-5085-5860-2051
jadhav,joanne,joannejadhav@hotmail.com,2841-9096-9516-2434
borghi,heidi,heidiborghi@aol.com,1270-1210-9627-4271
dutta,timmothy,timmothydutta@yahoo.com,3474-2988-8859-1352
hamilton,vao,vaohamilton@yahoo.com,3010-8670-8828-9168
nguyen,hung,hungnguyen@msn.com,1819-1218-5260-1547
kong,zoya,zoyakong@hotmail.com,2227-1039-5473-6241
huang,brenda,brendahuang@yahoo.com,7568-9248-8094-6269
muehler,purnima,purnimamuehler@hotmail.com,6431-8424-3204-4194
wang,charles,charleswang@hotmail.com,9457-9381-9871-9513
wong,radhika,radhikawong@aol.com,5105-4629-5744-3476
kim,khanh,khanhkim@freemail.com,8629-5211-1206-2086
lemere,mark,marklemere@msn.com,8998-7615-3637-1004
rao,michael,michaelrao@aol.com,1587-2885-1493-3564
oxford,nitya,nityaoxford@yahoo.com,7374-1938-4157-5653
hamilton,anjini,anjinihamilton@yahoo.com,3691-9879-9196-3998
kamasetty,joanne,joannekamasetty@msn.com,5338-7238-2884-5692
wright,jayashre,jayashrewright@aol.com,7842-7026-5101-1258
su,phyllis,phyllissu@yahoo.com,6976-1765-4632-3169
